JANコード,名称,単価,消費税
10001042 ,ﾖｰｸﾞﾙﾄ,1080,10
10001035 ,ﾁｰｽﾞｹｰｷ(小),1296,10
10001028 ,ﾁｰｽﾞｹｰｷ(大),1836,10
9700130 ,おにぎり,124,10
10000182 ,ﾒﾛﾝ,0,10
10003497 ,ﾎﾜｲﾄﾌﾚｲｽﾞ(5号),3000,10
4972560515019 ,ほしこがね 平干,1000,10
4902537110626 ,ふわふわ金のﾒﾛﾝ,1404,10
,洋食,,10
,切干芋紅はるか2,,10
4983053011697 ,茨城ｽｲｰﾄﾎﾟﾃﾄ 1,1080,10
4580202110050 ,すいーとぽてと,864,10
10001059 ,ﾖｰｸﾞﾙﾄ(ﾌｧﾐﾘｰ),864,10
4972560505102 ,ｼﾙｸｽｲｰﾄ平切 140,500,10
4980655602797 ,茨城ﾒﾛﾝｹｰｷ,864,10
6000301 ,ｸﾘｽﾏｽｹｰｷ,0,10
,ﾋﾟｰﾏﾝ味,380,10
,ｱﾝﾄﾗｰｽﾞｻﾌﾞﾚ 24,,10
,おすそわけ 丸干,,10
,ｶﾐｽｺｺくんｻﾌﾞﾚ 7,1350,10
,紅はるか130ｇ,,10
,ﾐﾙｸｼｭｰ,250,10
10001394 ,絹ﾌﾟﾘﾝ,270,10
,ｱﾝﾄﾗｰｽﾞｻﾌﾞﾚ 12,,10
,ｵｰﾄﾞﾌﾞﾙ,3500,10
4972560510038 ,ほしこがね 平,500,10
10003503 ,ﾎﾜｲﾄﾌﾚｲｽﾞ(6号),3700,10
10004388 ,中華弁当,618,10
,訳あり干し芋 ｼﾛ,,10
10003435 ,焼きｶﾚｰﾊﾟﾝ,206,10
4954599011779 ,水戸の梅 MU-6 777,777,10
4534319001374 ,ｻｻﾞｶｯﾌﾟｵﾝ 9ﾊﾟｯ,1200,10
4903040160597 ,ぴーなっつ最中,1300,10
,和食,,10
10003329 ,ｻﾝﾄﾞｳｨｯﾁ ﾐｯｸｽ,972,10
4983248315036 ,茨城ﾒﾛﾝﾊﾟﾝｸｯｷｰ,648,10
,ﾛｰｽﾞﾎﾟｰｸｶﾚｰ200g,,10
4972560700606 ,さつまいもﾗﾝｸﾞﾄ,1000,10
,茨城和栗クリー,,10
,中華,,10
,三社巡りｻﾌﾞﾚ箱,,10
10004142 ,ｶﾚｰﾊﾟﾝ,648,10
4983053011680 ,茨城ｽｲｰﾄﾎﾟﾃﾄ,648,10
,茨城浪漫紀行,,10
4974963100021 ,さつまいもチッ,400,10
4530331000609 ,ぬれ煎餅 赤の,432,10
10002568 ,ｱﾆﾊﾞｰｻﾘｰｹｰｷ,0,10
,もちの月 各種,,10
4530331000616 ,ぬれ煎餅 青の,432,10
4530331000623 ,ぬれ煎餅 緑の,432,10
10002582 ,ﾌﾟﾚｰﾝｼﾌｫﾝｹｰｷ,864,10
10003589 ,ﾊﾟﾝ,133,10
,わけありシロタ,,10
4530331000227 ,ぬれ煎餅 三味,648,10
,まろんどぅむ,,10
,誉ほしいも はね,,10
10003558 ,絹プリンｼｮｺﾗ,270,10
,オペラ,,10
4954599061156 ,ｱﾝﾄﾗｰｽﾞどら焼き,2160,10
10004258 ,いちごｼﾌｫﾝｹｰｷ,640,10
4954599061149 ,ｱﾝﾄﾗｰｽﾞどら焼き,1080,10
,ｱﾝﾄﾗｰｽﾞｻﾌﾞﾚ 6枚,,10
4954599164031 ,茨城栗満月,540,10
10003008 ,ｲﾀﾘｱﾝﾌﾟﾘﾝ,258,10
10001561 ,杏仁ﾌﾟﾘﾝ,216,10
,ﾒﾛﾝ味,380,10
,わけありほしい,,10
,ｽｲｰﾄﾎﾟﾃﾄ 5個入,,10
10003527 ,ﾓﾝﾌﾞﾗﾝﾀﾙﾄ,4000,10
4954599012110 ,のし梅8入 NU-8,756,10
10001141 ,手焼きせんべい,480,10
4945343410115 ,水戸なっとう,270,10
10004326 ,苺ｼｮｰﾄ,350,10
4901777243484 ,ｱﾙﾌﾟｽ天然水,154,10
10000342 ,みかん,0,10
4582118240081 ,お茶の友詰合せ,1296,10
,栗満月15個入り,,10
10000472 ,いちご,0,10
,茨城和栗ビス8枚,,10
4954599031173 ,ｽｲｰﾄﾎﾟｯﾃ 5個入,702,10
,ｽｲｰﾄﾎﾟﾃﾄｸｯｷｰ 10,,10
,マンゴープリン,,10
10003848 ,ｺｰﾋｰｾﾞﾘｰ,510,10
10001158 ,手焼きせんべい,800,10
4983053011796 ,めろんけーき,702,10
,ﾏﾛﾝふわっせ5ヶ,,10
10001066 ,ｵﾚﾝｼﾞｹｰｷ,1296,10
,まるﾒﾛ 5個入,,10
,ﾛｰｽﾞﾎﾟｰｸｶﾚｰ(物,750,10
,Qなっつ 270g,,10
49400397 ,ｾﾌﾞﾝｽﾀｰ,500,10
,訳ｱﾘ ｼﾛﾀ 300,,10
4969630200111 ,いぶし銀 塩,380,10
4901777201439 ,角ﾊｲﾎﾞｰﾙ 350ml,216,10
4930255202385 ,ときめいて茨城,756,10
4901004006813 ,ｽｰﾊﾟｰﾄﾞﾗｲ 500m,329,10
4530331000234 ,ぬれ煎餅 三味,1080,10
4945343430212 ,水戸なっとう,270,10
,ｻﾂﾏｲﾓｶﾘﾝﾄｳ,,10
4954599140042 ,銘菓水戸納豆せ,1080,10
4954599058613 ,ねばーる君納豆,540,10
10002971 ,苺ﾛｰﾙ,1620,10
4954599010468 ,いもようかん,540,10
4903040197562 ,千葉めぐり ８個,1300,10
10003596 ,おつまみ,124,10
4562239920130 ,あまからもち,540,10
4954599140226 ,銘菓水戸納豆せ,378,10
4954599031517 ,いばらきﾁｰｽﾞｯｸｷ,648,10
,おすそわけ干MIX,,10
4573276890126 ,ｶﾐｽｺｺくん ぬい,2300,10
4954599061026 ,どらｽｸ ｷﾞﾌﾄ18枚,1728,10
10001424 ,常陸牛 ｻｰﾛｲﾝｽﾃ,12960,10
4534319000803 ,徳川将軍珈琲200,1500,10
4977181011377 ,ﾋﾟｰﾅｯﾂみそ 160,540,10
4560386860019 ,木の葉ぱん,300,10
,おいもﾊﾟｲ 6個入,,10
,ﾌﾟﾘｻﾞｰﾌﾞﾄﾞﾌﾗﾜｰ,0,10
,ﾛｰｽﾞﾎﾟｰｸｶﾚｰ 4入,,10
4950114620112 ,わら納豆,972,10
,Qなっつ 180g,,10
1400197006486 ,ｱﾝﾄﾝ焼き,648,10
4901411175317 ,一番搾り 500ml,329,10
,ｸﾘｽﾏｽﾁｷﾝ,,10
10001448 ,常陸牛 ﾓﾓ焼肉,7516,10
,誉ほしいも,,10
4994378123590 ,純米大吟醸 備前,2500,10
4901004006714 ,ｽｰﾊﾟｰﾄﾞﾗｲ 350m,252,10
4954599185012 ,茨城ﾒﾛﾝｻｲﾀﾞｰ,210,10
4580142950013 ,茨城ﾒﾛﾝｷｬﾗﾒﾙ,378,10
10001189 ,手焼きせんべい,2160,10
4994378120483 ,大吟醸,4190,10
4954599013384 ,吉原殿中 YD-7,648,10
4994378134145 ,鹿嶋神の道,1620,10
,まろんけえき4個,,10
4930255202392 ,ときめいて茨城,432,10
4948721003718 ,ﾊｰﾌﾞｿｰｽ,885,10
4954599010659 ,ﾒﾛﾝ羊羹,540,10
10001196 ,手焼きせんべい,3240,10
,ﾓﾝﾌﾞﾗﾝﾛｰﾙｶｯﾄ,,10
4534319001060 ,ｻｻﾞ贅沢ﾌﾞﾚﾝﾄﾞ,1500,10
4963210148190 ,豆せんべい,540,10
,いろはす天然水,,10
4901411175218 ,一番搾り 350ml,252,10
10001165 ,手焼きせんべい,1080,10
4954599060722 ,どらｽｸ 8枚入,756,10
10001172 ,手焼きせんべい,1620,10
10001547 ,ﾒﾛﾝﾛｰﾙｹｰｷ,1620,10
4901880851446 ,黒ﾗﾍﾞﾙ 500ml,329,10
4908301132016 ,常陸牛ﾋﾞｰﾌｶﾚｰ1P,618,10
4939126000594 ,特選ひものｾｯﾄ,3498,10
4983248005951 ,茨城に行ってき,540,10
,茨城ﾒﾛﾝｾﾞﾘｰ,,10
,ﾒﾛﾝﾊﾞﾊﾞﾛｱ,,10
,ｶｸﾃﾙﾍﾟｯﾊﾟｰｱﾝﾄﾗｰ,0,10
4534319000001 ,ｻｻﾞｽﾍﾟｼｬﾙﾌﾞﾚﾝﾄﾞ,1200,10
,ザ・メロン,380,10
,ｲﾊﾞﾗｷｯｽﾉｲﾁｺﾞｸﾞﾐ,,10
,ｶﾐｽｺｺくんｻﾌﾞﾚ,160,10
,いちごﾗﾝｸﾞﾄﾞｼｬ,,10
4580142950181 ,胡麻納豆,270,10
4977931990952 ,納豆味噌汁,540,10
10003923 ,ﾁｮｺﾚｰﾄｼﾌｫﾝｹｰｷ,510,10
,おーいお茶600ｍ,,10
10000205 ,梨,0,10
4908301132030 ,ﾛｰｽﾞﾎﾟｰｸｶﾚｰ1P,432,10
4562239920086 ,かき餅 120g,540,10
4977999340119 ,ﾄﾞﾘｯﾌﾟｱｲｽｺｰﾋｰ,600,10
,ｶﾐｽｺｺｸﾝﾊﾝﾄﾞﾀｵﾙ,,10
4534319000018 ,ｻｻﾞﾓｶ200g,1300,10
4977181010738 ,ﾄﾞﾗｲﾋﾟｰﾅｯﾂみそ,540,10
4571133670461 ,焼き鯖ｱﾋｰｼﾞｮ,285,10
4969630200005 ,いぶし銀 醤油,380,10
4901411000404 ,氷結 ｸﾞﾚｰﾌﾟﾌﾙｰﾂ,172,10
4931235292808 ,茨城ｷｰﾎﾙﾀﾞｰ,432,10
10001967 ,その他(内税),0,10
4983248007665 ,水郷潮来あやめ 540,540,10
4988287100926 ,ﾄﾞﾗｲ納豆 ﾋﾟﾘ辛,486,10
4937211000313 ,ﾒﾛﾝｶﾚｰ,515,10
4901085193839 ,お～いお茶 緑,133,10
4954599010512 ,梅ようかん UY-,540,10
10001073 ,ﾌﾙｰﾂｹｰｷ,1296,10
4954599031418 ,梅さぶれ 7枚,594,10
9500129 ,傘,540,10
,いちごﾘｯﾁ 5個入,,10
,ﾛｰｽﾞﾎﾟｰｸｶﾚｰ 6入,,10
4901330573041 ,じゃがりこ ｻﾗﾀ,162,10
4935707014318 ,紅雫 720ml,1296,10
4571133670676 ,焼きいわしのｱﾋｰ,250,10
4988287100919 ,ﾄﾞﾗｲ納豆,486,10
4977178010017 ,皮むき冷凍みか,308,10
4937672013105 ,てっぽう漬,648,10
4901085179611 ,健康ﾐﾈﾗﾙむぎ茶,154,10
4977181011650 ,ﾋﾟｰﾅｯﾂﾊﾆｰ 黄色B,270,10
4950114620273 ,納豆ふりかけ,648,10
4954599061286 ,ﾒﾛどら,194,10
4954599061132 ,ｱﾝﾄﾗｰｽﾞどら焼き,194,10
,いちごｼｮｺﾗｽﾞ,,10
4939126000587 ,特選ひものｾｯﾄ,2418,10
10000762 ,ぶどう,0,10
4954599031210 ,ﾁｰｽﾞﾐｰ 5個入,702,10
4901880879884 ,ｴﾋﾞｽ 350ml,278,10
,焼きいもｻﾌﾞﾚ 10,,10
4994378194118 ,五百万石 3本ｾｯﾄ,1512,10
,GA ｻﾞ・ﾌﾞﾗｯｸ,,10
10000687 ,ﾃﾞｺﾎﾟﾝ,0,10
10003459 ,心ﾛｰﾙ てぃらみ,972,10
,ﾏﾛﾝｼﾌｫﾝｹｰｷ,,10
49401387 ,ﾒﾋﾞｳｽ 6mg,480,10
4978657248167 ,てんぴ,1296,10
,ﾏﾛﾝふわっせ,,10
4930255204747 ,茨城ﾒﾛﾝｸﾞﾐ,270,10
4573276890133 ,ｶﾐｽｺｺくん ぬい,800,10
10003695 ,ショコラ味,300,10
4901411000459 ,氷結 ﾚﾓﾝ,172,10
4954599140011 ,銘菓水戸納豆せ,648,10
4930255203511 ,干し芋ｷｬﾗﾒﾙ,216,10
4983248007672 ,水郷潮来あやめ 864,864,10
4580287570978 ,味付け落花生,648,10
49400250 ,ﾏﾙﾎﾞﾛ ﾒﾝｿｰﾙ,510,10
4901880851385 ,黒ﾗﾍﾞﾙ 350ml,252,10
,まろんけえきﾊﾞﾗ,,10
,ﾋﾟｰﾏﾝｺﾛｯｹ,150,10
4511075000896 ,ぬれ煎餅 味くら,540,10
,伊右衛門,110,10
10003374 ,心ﾛｰﾙ かぼちゃ,972,10
,焼き鯖の燻製塩ｵ,,10
4954599013391 ,吉原殿中 YD-10,1000,10
4511075678934 ,ぬれてるﾏﾝﾎﾞｰ 476,476,10
4968407030340 ,常陸秋そば詰め 1296,1296,10
,あげ餅 しお,,10
10004241 ,焼き菓子,100,10
10001431 ,常陸牛 肩ﾛｰｽ焼,10108,10
,苺ﾛｰﾙｶｯﾄ,,10
4994378191322 ,五百万石 友寿,2095,10
,ﾒﾛﾝﾛｰﾙ（ｶｯﾄ）,,10
10000977 ,ﾓﾝﾌﾞﾗﾝﾛｰﾙｹｰｷ,1620,10
,おふくろ揚げ,,10
4511075126091 ,まろやかぬれ煎,476,10
4511075000254 ,ぬれ煎餅 5枚,476,10
,苺ﾀﾙﾄ(カット),250,10
4994378133544 ,鹿島鳥居,1500,10
4954599031166 ,ｽｲｰﾄﾎﾟｯﾃ,129,10
49401370 ,ﾏﾙﾎﾞﾛ,510,10
4939126004905 ,たこｶﾏ,540,10
4994378862406 ,酒蔵の梅酒,1620,10
4902124025159 ,VC-3000のど飴(,216,10
4968407030326 ,常陸秋そば詰め 2160,2160,10
10003442 ,ﾓﾝﾌﾞﾗﾝﾛｰﾙ,1620,10
,ｶﾐｽｺｺｵﾘﾀﾀﾐﾊﾞｯｸﾞ,840,10
,水戸の梅 MU-1,,10
4580287570619 ,から付き落花生,648,10
4959127104107 ,ｼﾞｬﾜﾃｨ,160,10
,ｶﾐｽｺｺくん ﾏｽｸ,,10
4901777271951 ,ｱｾﾛﾗﾘﾌﾚｯｼｭ,154,10
4968407030319 ,常陸秋そば,432,10
,蒸はまぐり 6個,,10
4901448010001 ,ﾊﾞｰﾑｸｰﾍﾝ（ﾊﾞﾆﾗ,154,10
4582244820775 ,絶品ｷﾑﾁ,864,10
4939126000402 ,うす塩こいわし,540,10
,綾鷹 上煎茶,154,10
4939126005100 ,甘汐あじ,972,10
,ﾑｰｽ ｵ ｷｬﾗﾒﾙ,,10
10000960 ,心ﾛｰﾙ はちみつ,972,10
4530503700016 ,ｳｺﾝの力,206,10
4980655602780 ,梅ｹｰｷ 9個入,864,10
,ショコラロール,,10
4902102108713 ,爽健美茶,154,10
,あげ餅 醤油,,10
4573276890010 ,ｶﾐｽｺｺくんﾗﾊﾞｰｷｰ,480,10
4901411037165 ,氷結 青ｳﾒ 350,172,10
4901340689213 ,ｶﾙﾋﾟｽｳｫｰﾀｰ,154,10
,なっちゃんｵﾚﾝｼﾞ,,10
4571133670683 ,さばｶﾚｰ煮,315,10
,炙りいわし,,10
,あげ餅3袋入り,,10
,かぼちゃﾌﾟﾘﾝ,,10
,オレンジみるく,,10
10003602 ,おかき･揚げもち,360,10
,まるﾒﾛ,,10
4902777004532 ,ｱｰﾓﾝﾄﾞﾁｮｺﾚｰﾄ,245,10
4978140410699 ,ゆずあさり,540,10
4988287210205 ,ﾁｮｺ納豆,594,10
4994378133636 ,愛友 純米酒,1080,10
,GA ｻﾞ・ﾗﾃ,,10
4902204412442 ,ﾄﾏﾄｼﾞｭｰｽ,124,10
4902102072618 ,ｺｶ･ｺｰﾗ,154,10
10003961 ,焼き菓子詰合せ,540,10
4901777158306 ,黒烏龍茶,174,10
,ぴーまんｻﾌﾞﾚ 青,160,10
,ｲﾊﾞﾗｷﾝｸﾞﾒﾛﾝｸﾞﾐ,,10
4909411076610 ,午後の紅茶ｽﾄﾚｰﾄ,154,10
4546598504484 ,ﾓｹｹ水戸納豆,648,10
10001455 ,ﾛｰｽﾞﾎﾟｰｸ ﾛｰｽ味,4536,10
4580287570985 ,ﾊﾞﾀｰﾋﾟｰﾅｯﾂ,648,10
,食べるﾗｰ油,,10
4534319003026 ,ｺｰﾋｰ豆ﾁｮｺ4種 95,750,10
4901351058633 ,ﾋﾟｭﾚｸﾞﾐ ｸﾞﾚｰﾌﾟ,108,10
4902102108065 ,からだすこやか,162,10
10004289 ,ｴｼｬﾚｯﾄﾄﾞﾚｯｼﾝｸﾞ,480,10
4571133670027 ,ねぎ鯖 醤油だ,308,10
4996628001214 ,あおさ海苔みそ,540,10
,水戸の梅 ｷｬﾗﾒﾙ,,10
10000267 ,ﾒﾛﾝﾛｰﾙｹｰｷ,1620,10
4901351058640 ,ﾋﾟｭﾚｸﾞﾐ ﾏｽｶｯﾄ,108,10
4571133670041 ,ねぎ鯖 味噌だ,308,10
,あげ餅 コンソメ,,10
4571133670034 ,ねぎ鯖 塩だれ,308,10
,爽健美温茶,,10
4933041018054 ,一品･金撰ｶｯﾌﾟ,216,10
,ﾌﾞﾗｯｸﾍﾟｯﾊﾟｰ皮はぎ,,10
4901085065372 ,ｳｰﾛﾝ茶,154,10
4909411076658 ,午後の紅茶ﾐﾙｸ,154,10
4511075400009 ,まろやかぬれ煎,119,10
,ぴーまんｻﾌﾞﾚ 赤,160,10
4968407030036 ,水府そば5,1188,10
,蒸しはまぐり袋,,10
4546598504477 ,ﾓｹｹ水戸黄門,648,10
4901777235533 ,胡麻麦茶,174,10
8888075027892 ,ｸﾞﾛｰ 贅沢に香る,460,10
,ｶﾐｽｺｺｴｺﾏｸﾞｶｯﾌﾟ,2160,10
4582460610140 ,ｽｲｰﾄｶｸﾃﾙﾍﾟｯﾊﾟｰﾋ,1000,10
,ｱｶｼｱﾊﾁﾐﾂS,,10
4530193526019 ,UCC BLAKE無糖,1296,10
10000717 ,ｵﾚﾝｼﾞ,0,10
,生チョコ16個,,10
4902777006284 ,ﾏｶﾀﾞﾐｱ,245,10
,母の日ｵｰﾄﾞﾌﾞﾙ,,10
4573276890096 ,ｶﾐｽｺｺくんﾎﾞｰﾙﾍﾟ,300,10
4901777232310 ,C.C.ﾚﾓﾝ,154,10
2160038281227 ,茨城Tｼｬﾂ,2160,10
,かわはぎﾛｰﾙ,,10
,ﾅﾒｶﾞﾀｱｲｽ ｲﾁｺﾞﾐﾙ,,10
,ｽｲｰﾄﾎﾟﾃﾄﾊﾞﾗ,,10
4901777026001 ,白角水割,216,10
4989635804428 ,水郷潮来ｽｲｰﾄﾎﾟﾃ,648,10
,桜レアチーズ,,10
4511075500006 ,ぬれてるﾏﾝﾎﾞｰ 129,129,10
4571133670737 ,寒ざばみそ煮,300,10
4983053016494 ,めろんけーき,140,10
4901085193020 ,ｶﾑｶﾑりんご100％,154,10
4901448010070 ,ﾊﾞｰﾑｸｰﾍﾝ（ﾊﾞﾅﾅ,154,10
4901351058626 ,ﾋﾟｭﾚｸﾞﾐ ﾚﾓﾝ,108,10
4901777204980 ,BOSS 無糖･ﾌﾞﾗｯ,124,10
4902102069359 ,ｱｸｴﾘｱｽ,154,10
,柚子紅茶,,10
10003862 ,ｼｭﾄｰﾚﾝ,216,10
4511075100008 ,ぬれ煎餅,108,10
,紅茶花伝ﾐﾙｸﾃｨｰﾎ,,10
,祭りﾁｮｺﾊﾞﾅﾅ,,10
,こいのぼりﾛｰﾙ,,10
,いか一夜2枚,,10
,TEREAﾒﾝｿｰﾙ,,10
4902537270009 ,ﾊｰﾄｴﾝﾌﾞﾚﾑｸｰﾍﾝ,1296,10
4582291791387 ,ﾊﾞﾀｰﾋﾟｰﾅｯﾂ 80g,432,10
,焼きいも味,150,10
4582291791318 ,柿ピー,432,10
4939126000617 ,いわしﾊﾝﾊﾞｰｸﾞ,378,10
4937672015376 ,南蛮ごぼう,540,10
4939126005407 ,さんま 4入,864,10
,ﾒﾛﾝｾﾞﾘｰ,,10
4954599061101 ,りんごどら焼き,194,10
49698626 ,ｶｯﾌﾟﾇｰﾄﾞﾙ,183,10
,桜ﾛｰﾙｶｯﾄ,,10
4939126000112 ,ウルメの誘惑,540,10
4582244820126 ,ｿｳﾙｷﾑﾁ,864,10
4571448400227 ,はまぐり,1141,10
4973925644283 ,うめぇじゃこ,594,10
4902204413142 ,野菜ｼﾞｭｰｽ,124,10
,ｼﾞﾝｼﾞｬｰﾙｲﾎﾞｽ,,10
4530503024525 ,C1000 ﾋﾞﾀﾐﾝﾚﾓﾝ,124,10
,ﾆｯﾎﾟﾝｴｰﾙ ｲﾁｺﾞｸﾞ,,10
4987240618614 ,龍角散ののどす,108,10
4903040158181 ,ぴーなっつ最中,130,10
,百花ﾊﾁﾐﾂS,,10
4571133670690 ,寒さば水煮,300,10
49698633 ,ｼｰﾌｰﾄﾞﾇｰﾄﾞﾙ,183,10
,ﾋﾟｰﾏﾝﾄﾞﾚｯｼﾝｸﾞ,463,10
10000199 ,桃,0,10
,炙りサーモン,,10
,国産紅茶,,10
,さつまいもｶﾚｰ,,10
,メロンみるく,,10
4901777235434 ,BOSS ｶﾌｪｵﾚ,124,10
4582244820102 ,ｿｳﾙｶｸﾃｷ,864,10
4954599031203 ,ﾁｰｽﾞﾐｰ,129,10
4580495260289 ,ねば～る君の卵,432,10
4901085192962 ,ｶﾑｶﾑｵﾚﾝｼﾞ100％,154,10
,ｼｬｲﾝﾏｽｶｯﾄ,,10
,寒いわし蒲焼,,10
4939126000372 ,しらす,648,10
,蒸はまぐり 3個,,10
4904390000045 ,くんせい卵,190,10
4902777008615 ,たけのこの里,216,10
,あげ餅のりしお,,10
,ラー油きくらげ,,10
,ｱｯﾌﾟﾙｶﾓﾐｰﾙ,,10
4573276890027 ,ｶﾐｽｺｺくん ﾌﾟﾚﾐｱ,600,10
4939126000129 ,ごまいわし佃煮,540,10
2153040157086 ,茨城ﾎﾟﾛｼｬﾂ,2700,10
,ﾓｹｹ茨城ｱﾝｺｳ,,10
,ﾊﾞﾆﾗ味,380,10
49536225 ,VC-3000のど飴,108,10
,徳川御紋 12個入,,10
,おつまみｱｿｰﾄA,,10
4902102127257 ,ｼﾞｬﾊﾟﾝｸﾗﾌﾄﾏﾝ ﾌﾞ,160,10
4903333078363 ,ﾄｯﾎﾟ,162,10
,さばﾌｨｰﾚ,,10
,ちりめん山椒,594,10
4954599061323 ,いちごどら焼き,216,10
49401509 ,ﾏﾙﾎﾞﾛ ｺﾞｰﾙﾄﾞ,510,10
4937672015468 ,白みつらっきょ,540,10
,ｱﾝﾄﾗｰｽﾞもつ煮,,10
4978657424011 ,水戸の観梅,1188,10
4987123138604 ,ｱﾘﾅﾐﾝV,288,10
4901777286221 ,伊右衛門 濃い,154,10
,生姜紅茶,,10
7500817 ,保冷剤,108,10
,ﾘﾎﾟﾋﾞﾀﾝD,,10
4562239920079 ,かき餅 240g,1080,10
4903015522658 ,ﾁｯﾌﾟｽﾀｰ うすし,120,10
,赤いやつ。,,10
4987035092216 ,ｶﾛﾘｰﾒｲﾄ（ﾁｮｺ）,216,10
,寒さば 味噌煮,,10
49400151 ,ﾒﾋﾞｳｽ 3mg,480,10
4573276890041 ,ｶﾐｽｺｺくん ｸﾘｱﾌｧ,200,10
,あげ餅箱入り,,10
,海鮮ｷﾑﾁ 特価,,10
4582291791486 ,素煎り落花生 80,432,10
,桜モンブラン,,10
4946842503889 ,ｸﾘｰﾑ玄米ﾌﾞﾗﾝ ﾌ,162,10
,ｼﾞﾝｼﾞｬｰﾗﾍﾞﾝﾀﾞｰ,,10
4534319001534 ,ｻｻﾞｶｯﾌﾟｵﾝ 5ﾊﾟｯ,700,10
,ﾄｯﾎﾟ ｼｮｺﾗ,,10
9700871 ,かぼちゃのｼﾌｫﾝｹ,864,10
4987306003026 ,ﾘﾎﾟﾋﾞﾀﾝD,154,10
,寒さば 水煮,,10
,ﾒﾛﾝﾎﾞﾝﾎﾞﾝ,,10
4902888723926 ,トッポ,216,10
,いちごボンボン,,10
,紅茶花伝 ﾛｲﾔﾙﾐﾙ,,10
,かぼちゃﾛｰﾙｶｯﾄ,,10
4511075123809 ,ぬれせんべいび,129,10
4968407020013 ,水府そば,216,10
,にゃっ豆おみく,432,10
,ｱｶｼｱﾊﾁﾐﾂL,,10
4902102133333 ,ｺｶｺｰﾗﾎﾞﾄﾙ 3本ﾊﾟ,480,10
,あげ餅 カレー,,10
45075469 ,ｸﾛﾚｯﾂXP ｵﾘｼﾞﾅﾙ,129,10
,ﾖｰｸﾞﾙﾄ(特別仕様,800,10
4939126001652 ,さくさく丸ごと,540,10
10001998 ,抹茶ﾊﾞﾊﾞﾛｱ,1296,10
10001387 ,ﾊﾞﾊﾞﾛｱ,270,10
4987035149613 ,ﾌｧｲﾌﾞﾐﾆ,124,10
49401073 ,ﾒﾋﾞｳｽ 1mg,480,10
,寒いわし醤油煮,,10
4573276890140 ,ｶﾐｽｺｺくん ｼｬｰﾌﾟ,300,10
,ﾅﾒｶﾞﾀｱｲｽ さつま,,10
4901005100855 ,ﾌﾟﾘｯﾂ ｻﾗﾀﾞ,129,10
10002803 ,ｶｯﾌﾟｹｰｷ2種ｾｯﾄ,772,10
,寒いわし味噌煮,,10
4902102127271 ,ｼﾞｬﾊﾟﾝｸﾗﾌﾄﾏﾝ ｶﾌ,160,10
45185304 ,ｱｲｺｽ ﾚｷﾞｭﾗｰ,500,10
49698640 ,ｶｯﾌﾟﾇｰﾄﾞﾙ ｶﾚｰ,183,10
4950114630692 ,水戸納豆ｶﾚｰ,540,10
,青さのり,,10
,ｺｺｸﾝﾀｵﾙ ﾈｲﾋﾞ,,10
,ｸﾘｽﾏｽｱｿｰﾄBOX,,10
4987035089315 ,ｵﾛﾅﾐﾝC,124,10
,チップスターう,,10
4930438850150 ,金砂郷,1020,10
,ﾄﾛﾋﾟｶﾙﾌﾙｰﾂ,,10
4903015522702 ,ﾁｯﾌﾟｽﾀｰ ｺﾝｿﾒ,120,10
,夏祭り設備費,,10
4987035555919 ,ｿｲｼﾞｮｲ ｱｰﾓﾝﾄﾞ&,118,10
,オロナミンC,,10
,いちごﾘｯﾁ,,10
4939126005605 ,いかの一夜干,1296,10
,納豆靴下,,10
4901085178966 ,毎日一杯の青汁,154,10
,ｺｺｸﾝﾀｵﾙ ﾋﾟﾝｸ,,10
,ｱｲｺｽTEREA,,10
49400762 ,ﾒﾋﾞｳｽ 8mg,480,10
,ｺｺｸﾝﾀｵﾙ ｸﾞﾘｰﾝ,,10
,ｱﾝﾄﾗｰｽﾞﾏｽｸﾚｯﾄﾞL,,10
4580031080319 ,木製ﾏｸﾞﾈｯﾄ 茨城,540,10
,吉原殿中 バラ,,10
,さばもろみ漬,,10
4946842505302 ,ｸﾘｰﾑ玄米ﾌﾞﾗﾝ ｶ,162,10
4901360272464 ,金のﾐﾙｸ 濃い贅,108,10
9500112 ,ﾗｲﾀｰ,108,10
4987035090113 ,ｶﾛﾘｰﾒｲﾄ（ﾁｰｽﾞ）,216,10
45173646 ,ﾏｰﾌﾞﾙﾁｮｺﾚｰﾄ,129,10
4973925111600 ,まぐろ酒盗,648,10
,ｱｶｼｱﾊﾁﾐﾂM,,10
,水戸の梅 MU-6,,10
4902777008424 ,ｺｰﾋｰﾋﾞｰﾄ ｺｰﾋｰﾐ,129,10
4954599010550 ,栗ようかん KY-,540,10
49368307 ,ｸﾞﾘｰﾝｶﾞﾑ,108,10
,ｺｺｸﾝﾀｵﾙ ｻｯｸｽﾌﾞ,,10
,ﾁｯﾌﾟｽﾀｰコンソメ,,10
4901777209961 ,ﾘﾌﾟﾄﾝ ｱｯﾌﾟﾙﾃｨｰ,154,10
,鯖威張るｶﾚｰ,,10
4902777008592 ,きのこの山,216,10
4902881048651 ,一平ちゃん 夜,174,10
,保冷ﾊﾞｯｸﾞ ﾏﾁ小,300,10
,焼きあじ,,10
4573276890072 ,ｶﾐｽｺｺくんｽﾃｯｶｰ,200,10
,生ﾁｮｺ(カップ),,10
,らっきょうｷﾑﾁ,,10
,ｺｺｸﾝﾀｵﾙ ｵﾚﾝｼ,,10
4901777317376 ,伊右衛門,154,10
,こんがり焼きﾁｰｽ,,10
4902888116155 ,ﾊｲﾁｭｳ ｱｿｰﾄｷｬﾝﾃ,216,10
,百花ﾊﾁﾐﾂM,,10
,ﾁｯﾌﾟｽﾀｰのり,,10
,みとちゃんｿｯｸｽ,,10
,ｶﾞｰﾅﾁｮｺﾚｰﾄ大粒,,10
4939126005209 ,むきみあさりみ,756,10
4939126000211 ,ちりめんえび,540,10
4987035090014 ,ｶﾛﾘｰﾒｲﾄ（ﾌﾙｰﾂ）,216,10
,TEREAﾐﾝﾄ,,10
45141157 ,のど飴,108,10
,贅沢に香ﾒﾝｿｰﾙ,,10
,ﾓｹｹｻｯｶｰ部,,10
,TEREAﾌﾞﾗｯｸﾒﾝｿｰﾙ,,10
10003909 ,ﾏﾛﾝｼｭｰ2個,250,10
,水戸黄門小財布,,10
,ぬれ煎ﾌﾟﾚﾐｱﾑひ,,10
,ぬれ煎ﾌﾟﾚﾐｱﾑか,,10
4573276890119 ,ｶﾐｽｺｺくん自由帳,180,10
4903015522757 ,ﾁｯﾌﾟｽﾀｰ のりし,120,10
,オランジェット,,10
,カルピスパウチ,,10
,ﾏﾒしば 緑,,10
,ﾏﾒしば 赤,,10
4902102130950 ,綾鷹 特選茶,190,10
4973925101557 ,かつお酒盗,648,10
45148552 ,ｸｰﾙﾐﾝﾄｶﾞﾑ,108,10
4901005135963 ,ﾌﾟﾘｯﾂ ﾄﾏﾄ,129,10
,青梅どら,,10
,保冷ﾊﾞｯｸﾞ ﾏﾁ大,300,10
,オペラ カット,,10
,ｺｰﾋｰﾎﾞﾝﾎﾞﾝ,,10
4939126000839 ,いわしごま漬,540,10
,ﾊﾟﾘﾝﾄｳ うすしお,,10
,マルチビタミン,,10
6000455 ,ﾌﾟﾚｰﾄ､ﾃﾞｺﾚｰｼｮﾝ,0,10
4901448010018 ,ﾊﾞｰﾑｸｰﾍﾝ（ﾁｮｺ）,154,10
4946842505975 ,ﾐﾝﾃｨｱ ｺｰﾙﾄﾞｽﾏｯ,108,10
4902888218842 ,ﾁｮｺﾁｯﾌﾟｸｯｷｰ,216,10
4946842501908 ,ﾐﾝﾃｨｱ ﾜｲﾙﾄﾞ&ｸｰ,108,10
,鹿行ｴｺﾊﾞｯｸﾞ,,10
4902750959408 ,ぷっちょ 4味MIX,216,10
,とろろするめ,,10
,ｷﾞﾌﾄ箱 白 小,215,10
4903333066254 ,ｺｱﾗのﾏｰﾁ ﾁｮｺﾚｰ,108,10
,ｱﾙﾌｫｰﾄﾘｯﾁﾐ,,10
4939126001010 ,いわしせんべい,540,10
,ﾌﾞﾗｯｸﾍﾟｯﾊﾟｰ焼き,,10
,豆しばソックス,,10
,あげ餅 さとう,,10
4946842521463 ,ｸﾘｰﾑ玄米ﾌﾞﾗﾝ ｸ,162,10
49431858 ,mentos ｸﾞﾚｰﾌﾟ,108,10
,生ﾁｮｺ (ｶｯﾌﾟ),400,10
,ｸﾗﾝｷｰ ﾋﾞｯﾂ,,10
,ｾﾝﾄﾗﾙﾓｰﾙ祭りﾗﾑﾈ,,10
4978140200115 ,100％天然岩のり,540,10
,納豆靴下,,10
,ﾅﾒｶﾞﾀｱｲｽ 紅ｺｶﾞﾈ,,10
4902888219498 ,小枝,195,10
,ﾅﾒｶﾞﾀｱｲｽ ﾄﾏﾄ味,,10
4987035043515 ,ｿｲｼﾞｮｲ ｽﾄﾛﾍﾞﾘｰ,118,10
,ｿｳﾙｶｸﾃｷ 特価,,10
,ラベンダー紅茶,,10
,生ﾁｮｺ(小),,10
,いろはす なし,,10
10003992 ,Kamisu Toto Mｽ,1080,10
,桜ﾊﾁﾐﾂL,,10
4580313076689 ,なっとうﾈｺ,648,10
4580313076672 ,めろんﾈｺ,648,10
,ｶｯﾊﾟｴﾋﾞｾﾝ4P,,10
,鹿行ﾏｸﾞｶｯﾌﾟ,,10
4902888218835 ,ﾑｰﾝﾗｲﾄ,216,10
4580287570848 ,手作りあげ餅,378,10
2153040224016 ,茨城ｼﾞｬｶﾞｰﾄﾞﾀｵﾙ,1080,10
4946842526512 ,ﾐﾝﾃｨｱ ｸﾞﾚｰﾌﾟ,108,10
4537484035120 ,ﾃﾞｨｽﾞﾆｰ茨城ﾌﾟﾁﾀ,432,10
4943586926905 ,ﾘﾗｯｸﾏﾌﾟﾁﾀｵﾙ,324,10
45141164 ,のど飴 ﾌﾙｰﾂ,108,10
4939126001607 ,あおさチップス,972,10
4901005100879 ,ﾌﾟﾘｯﾂ ﾄﾏﾄ,129,10
,ﾃﾘｱﾘｯﾁﾚｷﾞｭﾗｰ,,10
4902777009094 ,ﾁｪﾙｼｰ ｽｶｯﾁｱｿｰﾄ,216,10
10004074 ,Kamisu Tote Mﾋﾟ,1080,10
4903333066308 ,ﾊﾟｲの実 ﾁｮｺﾚｰﾄ,162,10
,ﾅﾒｶﾞﾀｱｲｽ 生姜味,,10
49431865 ,mentos ﾐﾝﾄﾌﾚｯｼ,108,10
,母の日ｹｰｷ,,10
,ｿｳﾙｷﾑﾁ 特価,,10
,ﾋﾞｯｸｻﾝﾀﾞｰ,,10
,ﾏｯｸｽｺｰﾋｰ3本ｾｯﾄ,,10
4573276890089 ,ｶﾐｽｺｺくんメモ帳,180,10
4580287570862 ,手作りあげ餅 し,378,10
,納豆ﾈｺﾉｰﾄセット,,10
,百花ﾊﾁﾐﾂL,,10
,ﾋﾟｰﾅｯﾂﾊﾆｰﾋﾟﾝｸ,,10
,ｱﾝﾄﾗｰｽﾞﾏｽｸｸﾞﾚｰL,,10
,ﾐﾝﾃｨｱｱｸｱｽﾊﾟｰｸ,,10
,絶品ｷﾑﾁ 特価,,10
10000298 ,洋梨,0,10
4946842523221 ,ﾐﾝﾃｨｱ ｶﾃｷﾝﾐﾝﾄ,108,10
4903333172955 ,ｶﾞｰﾅﾐﾙｸﾁｮｺﾚｰﾄ,108,10
,ﾊﾟﾘﾝﾄｳ ｶﾚｰ,,10
49400403 ,ﾒﾋﾞｳｽ 10mg,480,10
4931235292921 ,みとちゃんﾄﾘｵｷｰ,432,10
4582244820140 ,らっきょうｷﾑﾁ,1080,10
49285161 ,ｼﾞｭｰC ｻｲﾀﾞｰ,65,10
,ｿｲｼﾞｮｲﾍﾞｲｸﾄﾞﾁｰ,,10
,ﾊﾟﾘﾝﾄｳ わさび,,10
,ﾅﾒｶﾞﾀｱｲｽ 大葉,,10
,ﾓｹｹﾊﾞｽｹ部,,10
,旅柴ｷｭｰﾌﾞ,,10
,ｻｯﾎﾟﾛﾎﾟﾃﾄ4P,,10
,アポロ,,10
4946842526154 ,ﾐﾝﾃｨｱ ｶﾙﾋﾟｽ,108,10
,ﾏﾒしばｱｸﾘﾙｷｰﾎﾙﾀ,,10
10004005 ,Kamisu Tote Mﾛｲ,1080,10
,ｻｯﾎﾟﾛﾊﾞｰﾍﾞｷｭｰ4P,,10
4902102131742 ,紅茶花伝 ﾋﾟｰﾁﾃｨ,154,10
4939126000792 ,牛すじとろ煮,594,10
49433012 ,ぷっちょるず,108,10
,ﾓｹｹ野球部,,10
4903333154913 ,紗々,220,10
4901360245567 ,ｱﾙﾌｫｰﾄ ﾐﾆﾁｮｺﾚｰ,120,10
4901360310364 ,ｱﾙﾌｫｰﾄ ﾋﾞﾀｰ,160,10
2153040157017 ,茨城ジャガードﾀ,2700,10
,ｱｸｴﾘｱｽﾏﾙﾁﾋﾞﾀﾐﾝ,,10
,箱代,,10
,ｱｸｴﾘｱｽ600ML,,10
,ラムネ,,10
,プリッツ,,10
,ひものｾｯﾄ銚子港,,10
49285123 ,ｼﾞｭｰC ｸﾞﾚｰﾌﾟ,65,10
4946842509539 ,ﾐﾝﾃｨｱ ﾄﾞﾗｲﾊｰﾄﾞ,108,10
4939126000433 ,めざし,540,10
,のりﾊﾞﾀｰ,,10
49771251 ,ｷｼﾘｯｼｭ ｱｸｱｸｰﾙ,129,10
4580287570800 ,玄米あげ餅,378,10
4902777001807 ,ﾌﾟｯｶ,108,10
,ｱﾝﾄﾗｰｽﾞﾏｽｸﾚｯﾄﾞM,,10
4547894155004 ,ｸﾛﾚｯﾂｶﾞﾑ ﾎﾞﾄﾙ,800,10
10004067 ,Kamisu Tote M赤,1080,10
4901326130180 ,ｷｼﾘｸﾘｽﾀﾙ ﾐﾙｸﾐﾝ,216,10
4901360272747 ,ﾐﾝﾃｨｱ ｼﾄﾗｽﾐﾝﾄ,108,10
45148569 ,ﾌﾘｰｿﾞｰﾝ ﾊｲﾐﾝﾄ,108,10
4931235292914 ,みとちゃんﾘｺｰﾀﾞ,432,10
4931235292242 ,みとちゃんﾎﾞｰﾙﾍ,432,10
,ｱﾙﾌｫｰﾄ発酵ﾊﾞﾀｰ,,10
,ｱﾙﾌｫｰﾄﾐﾆ ﾊﾞﾆﾗﾎ,,10
4931235292969 ,にゃっ豆ﾌｫｰｸ,540,10
4989635810870 ,熊笹だんご,540,10
,ﾌﾞﾙｯとﾍﾞﾘｰばら,,10
,納豆ｶﾞｰｾﾞﾊﾝｶﾁ,,10
4901360272815 ,ﾐﾝﾃｨｱ ﾍﾟﾊﾟｰﾐﾝﾄ,108,10
,みとちゃんﾃﾞｺ,,10
,うめﾎﾞﾝﾎﾞﾝ,,10
,ﾏﾒしばｱｸﾘﾙｷｲﾁｺﾞ,,10
,ﾄｯﾎﾟｽﾄﾛﾍﾞﾘｰ,,10
45185311 ,ｱｲｺｽ ﾒﾝｿｰﾙ,500,10
4580313074807 ,ﾊﾟﾀﾊﾟﾀﾒﾓ茨城,432,10
10003985 ,kamisu Toto M生,1080,10
,ﾏﾒしばｻｯｶｰ,,10
,抹茶ﾎﾞﾝﾎﾞﾝ,,10
4987035545514 ,ｿｲｼﾞｮｲ ﾋﾟｰﾅｯﾂ,118,10
4902102084178 ,いろはす もも,154,10
4580287570824 ,玄米あげ餅 しょ,378,10
45126543 ,ﾌﾞﾙｰﾍﾞﾘｰｶﾞﾑ,108,10
,紅茶花伝ｱｯﾌﾟﾙﾃｨ,,10
,ﾖｰｸﾞﾙﾄ,1000,10
,ﾌﾞﾙｯとﾍﾞﾘｰ,,10
,神戸ショコラ,,10
4939126001553 ,いわしチップス,756,10
,ﾊﾟﾘﾝﾄｳ とうがら,,10
4903333176304 ,ｸﾗﾝｷｰﾋﾞｽｹｯﾄ,216,10
,みとちゃん小財,,10
,ﾋﾟｰﾏﾝﾊﾞﾆﾗﾐｯｸｽ,,10
,ﾎｰﾑﾀｳﾝTｼｬﾂ M,,10
10000281 ,りんご,0,10
,ﾁｬﾝｼﾞｬ 特価,,10
,箱代 6入,,10
,わら納豆,,10
,やかんの麦茶,,10
4902102130240 ,綾鷹 ほうじ茶,154,10
4582409184339 ,じっくりｺﾄｺﾄ ｺｰ,172,10
4942040160015 ,茨城Tｼｬﾂｷｰﾎﾙﾀﾞｰ,540,10
,ｱﾙｺｰ除菌SC-1 ｽﾃ,,10
,チョコベビー,,10
,うめぇじゃこ,,10
4987035241812 ,ｿｲｼﾞｮｲ ｲﾁｼﾞｸ,118,10
4931235292020 ,みとちゃん根付,540,10
4547894701041 ,ｷｼﾘｸﾘｽﾀﾙ ﾐﾙｸﾐﾝ,108,10
4530331000715 ,ぬれ煎餅 青の,842,10
45126550 ,梅ｶﾞﾑ,108,10
4931235292730 ,みとちゃんｺｲﾝｹｰ,432,10
4903333106004 ,ﾁｮｺｺ,216,10
4939126000600 ,体想いのとろと,2700,10
,サンリオチョコ,,10
4987117438710 ,ﾁｵﾋﾞﾀﾄﾞﾘﾝｸ,154,10
,ｱｸｵ ｶﾞﾑ ﾎﾞﾄﾙ,,10
4547894154991 ,ｸﾛﾚｯﾂｶﾞﾑ ｸﾘｱﾐﾝﾄ,800,10
4902750956117 ,CUCU 黒ﾐﾙｸ,216,10
45075476 ,ｸﾛﾚｯﾂXP ｸﾘｱﾐﾝﾄ,129,10
10004029 ,Kamisu Toto Mﾌﾞ,1080,10
,ﾎｰﾑﾀｳﾝTｼｬﾂ S,,10
4580313069407 ,付箋ｾｯﾄ茨城,378,10
4580602640379 ,合格必勝ゆき単,590,10
4901361015480 ,じっくりｺﾄｺﾄ完,108,10
4931235292150 ,ﾊｯｽﾙ黄門ﾉｯｸ式消,270,10
4937672015499 ,黒みつらっきょ,540,10
,ｱﾝﾄﾗｰｽﾞﾏｽｸﾚｯﾄﾞS,,10
,みとちゃんﾏｸﾞﾈｯ,,10
,とん汁,,10
,ｸﾗﾝｷｰ,,10
,ﾁｰｽﾞｹｰｷ(小),1200,10
4573276890157 ,ｶﾐｽｺｺくん 付せ,150,10
4901351006191 ,ﾉﾝｼｭｶﾞｰ紅茶茶館,216,10
,みとちゃんお守,,10
,ｱﾏﾋﾞｴﾀｵﾙ ﾌﾞﾗｯｸ,,10
,水戸黄門ﾒﾀﾙｷｰﾎﾙ,,10
,ﾓｹｹ ｺｷｱ,,10
,ｸﾗﾌﾄﾏﾝｶﾌｪﾎｯﾄ,,10
,ｸﾗﾌﾄﾏﾝﾌﾞﾗｯｸﾎｯﾄ,,10
4903015127006 ,YBC ノアール,226,10
4901360283798 ,ｱﾙﾌｫｰﾄ ﾐﾆﾁｮｺﾚｰﾄ,108,10
,ｱﾙﾌｫｰﾄﾐﾆ ｽﾄﾛﾍﾞ,,10
4902777004082 ,ﾁｮｺﾚｰﾄ効果 CACA,260,10
,ｱﾏﾋﾞｴﾀｵﾙ ｻｯｸｽﾌﾞ,,10
10000274 ,柿,0,10
4902713128155 ,料亭の味 とん,124,10
,味噌汁 とうふ,,10
4903333199310 ,ｶﾞｰﾅﾘｯﾌﾟﾙ,200,10
4901777235335 ,BOSS 贅沢微糖,124,10
4931235292259 ,みとちゃんｼｬｰﾌﾟ,432,10
4994378193999 ,純米吟醸酒 ト伝,1620,10
4902713128148 ,料亭の味 なめこ,124,10
,ﾓｹｹﾈﾓﾌｨﾗ,,10
4530331000708 ,ぬれ煎餅 赤の,842,10
4537484035113 ,ﾃﾞｨｽﾞﾆｰ茨城3Pﾒﾓ,432,10
4931235292624 ,ﾊｯｽﾙ黄門おみくｼ,432,10
4582244820034 ,海鮮ｷﾑﾁ,864,10
4987035573715 ,ｿｲｼﾞｮｲ ｱｯﾌﾟﾙ,118,10
4902713128124 ,料亭の味 しじ,124,10
4580417486100 ,納豆ﾌﾟﾁﾀｵﾙｾｯﾄ,648,10
4903040156439 ,ぴーなっつ饅頭,130,10
4582409184353 ,じっくりｺﾄｺﾄ ｸﾗ,172,10
4902888212062 ,森永ﾐﾙｸｷｬﾗﾒﾙ(袋,216,10
,いい家はｵｰｶﾞﾆｯｸ,1620,10
,味噌汁 あさり,,10
,なかよしシール,,10
,ﾎﾞﾝﾎﾞﾝ2Pｾｯﾄ,,10
,ｿｲｼﾞｮｲﾁｮｺ&ﾚﾓﾝ,,10
,ﾌﾟﾗｲﾑ ﾁｪﾀﾞｰﾁｰｽ,,10
,ぴーなっつﾊﾟｲ,,10
,ｱﾙﾌｫｰﾄﾎﾜｲﾄ,,10
4902713131070 ,料亭の味 あおさ,124,10
,容器代,,10
,ｿｲｼﾞｮｲ ﾊﾞﾅﾅ,,10
,LOOK White Love,,10
4939126000297 ,のげのり,540,10
4931235292952 ,にゃっ豆ｽﾌﾟｰﾝ,540,10
,みとﾁｬﾝｷｯｽﾞｿｯｸｽ,,10
,ﾎｰﾑﾀｳﾝTｼｬﾂ L,,10
4511075230002 ,ぬれもち 12個,432,10
,ﾊﾟｳﾝﾄﾞｹｰｷ ｶｯﾄ,280,10
,紅雫 箱,108,10
4903015164254 ,ﾚﾓﾝﾊﾟｯｸ ｸﾘｰﾑｻﾝ,226,10
4902713115827 ,料亭の味 とうふ,124,10
,ｱｸｵﾎﾞﾄﾙｶﾞﾑﾌﾞﾙ-,,10
4901360282968 ,じっくりｺﾄｺﾄじﾊ,108,10
,箱代,,10
4903015162014 ,ｴﾝﾄﾘｰ ｸﾘｰﾑｻﾝﾄﾞｸ,226,10
4987123701006 ,ｱﾘﾅﾐﾝ ｾﾞﾛ7,154,10
,ミルキー,,10
,濃厚ｸﾗﾑﾁｬｳﾀﾞ-,,10
4580313078881 ,いばらきﾈｺｷｰﾎﾙﾀ,432,10
4931235710111 ,ﾊｯｽﾙ黄門ﾍﾟｱｽﾄﾗｯ,432,10
,徳川コーラ,,10
,ｻｸｯとﾏｶﾛﾝ,,10
,ｳｪﾙﾀｰｽｵﾘｼﾞﾅﾙ,,10
,味噌汁 海苔,,10
,味噌汁 わかめ,,10
,ぴーまんｻﾌﾞﾚ 10,1800,10
,味噌汁 しじみ,,10
,ｱﾏﾋﾞｴﾀｵﾙ ｵﾚﾝｼﾞ,,10
45175688 ,ｱｲｺｽ ﾐﾝﾄ,500,10
4902713128131 ,Mｶｯﾌﾟ あさり,124,10
,ﾏﾒしばﾊﾞｽｹ,,10
,ﾁｰｽﾞｹｰｷ(大),1700,10
,いちごﾀﾙﾄ,280,10
,みとちゃんｿｯｸｽ,,10
,ｱﾝﾄﾗｰｽﾞﾏｽｸｸﾞﾚｰS,,10
,ｱﾝﾄﾗｰｽﾞﾏｽｸｸﾞﾚｰM,,10
,龍角散のど飴,,10
4902713128070 ,料亭の味 長ね,124,10
,ｿｲｼﾞｮｲｻﾂﾏｲﾓ,,10
4983053012489 ,甘夏ｾﾞﾘｰ,756,10
,べジ4P,,10
,東庵日記 日本,1645,10
,みとちゃんｾｰﾌﾃｨ,,10
,ﾐﾝﾃｨｱ ﾘｰﾌﾐﾝﾄ,,10
,クックダッセ,,10
,ﾁｮｲｽ焼きﾌﾟﾘﾝ,,10
,ﾐﾝﾃｨｱ ｸﾘｱﾌﾟﾗｽ,,10
10002445 ,ｽﾄﾛﾍﾞﾘｰｹｰｷ,1296,10
4948721004654 ,ﾌﾟﾙｰﾝﾌﾟﾚﾐｱﾑ,1296,10
,納豆わんこKH,,10
4902888218859 ,ｱｰﾓﾝﾄﾞｸｯｷｰ,216,10
,ラミー,,10
,ｱﾙﾌｫｰﾄビター,,10
,ﾐﾝﾃｨｱ 鬼ﾚﾓﾝ,,10
,ﾐﾝﾃｨｱ 鬼辛ﾐﾝﾄ,,10
,ﾐﾝﾃｨｱｺﾞｰﾙﾄﾞｷｭｳｲ,,10
4930438702602 ,楽々,1080,10
,塩とまと飴,,10
,塩カンロ飴,,10
4931235292167 ,ﾊｯｽﾙ黄門ﾌﾞﾗﾌﾞﾗｽ,540,10
4946842506071 ,ｸﾘｰﾑ玄米ﾌﾞﾗﾝ ﾒ,162,10
8888075027861 ,ｸﾞﾛｰ 強ﾒﾝｿｰﾙ,460,10
,バッカス,,10
4903333145744 ,ｶﾞｰﾅﾎﾜｲﾄﾁｮｺﾚｰﾄ,108,10
10000250 ,ﾒﾛﾝﾊﾞﾊﾞﾛｱ,270,10
4901071277505 ,ｽｰﾌﾟﾊﾙｻﾒ かき,160,10
4580587170038 ,韃靼そば茶,850,10
4902181079652 ,ｽﾃｨｯｸｻﾗﾐ,124,10
4903333101221 ,ｶﾞｰﾅﾌﾞﾗｯｸﾁｮｺﾚｰﾄ,108,10
,味噌汁 長ネギ,,10
,そばの実,780,10
,ﾐﾝﾃｨｱ湘南ｺﾞｰﾙﾄﾞ,,10
4901071277499 ,ｽｰﾌﾟﾊﾙｻﾒ ﾜﾝﾀﾝ,160,10
,ｻｸﾏﾄﾞﾛｯﾌﾟｽ,,10
4580313078577 ,ﾊｯｽﾙ黄門ﾏｸﾞﾈｯﾄ,594,10
,いわしせんべい,,10
,旅柴ｼｬｶｼｬｶｷｰﾎﾙ,,10
,そばの実かりん,,10
4985089026300 ,海のおみやげで,432,10
,通行手形ﾏｸﾞﾈｯﾄ,486,10
4571350592669 ,ﾊｯｽﾙ黄門 ﾍﾟﾝ,432,10
4580232076241 ,ﾊｯｽﾙ黄門3Pﾒﾓｾｯﾄ,324,10
,全粒粉クラッカ,,10
,ﾐﾝﾃｨｱ 黄金桃,,10
,ロウソク,,10
9700338 ,陶歌(笠間焼),0,10
4901777216884 ,天然水,100,8
4901480228891 ,ノートＡ,300,10
4901480246895 ,ノートＢ,580,10
